ubigeo,lat,lon,mita,cusco,border,dell_d_bnd,dell_signed,elevation,slope,bfe4_1,bfe4_2,bfe4_3,stunted,n_children
30101,13.633890151977539,72.88139343261719,0,0,1,6.092747211456299,-6.092747211456299,3.31417,13.9305,0,0,1,0.17907361455748552,4836
30102,13.947779655456543,72.99138641357422,1,0,0,29.734169006347656,29.734169006347656,3.99096,10.0899,0,0,1,0.28104575163398693,153
30103,13.874170303344727,72.8727798461914,1,0,0,17.984289169311523,17.984289169311523,3.90165,9.98946,0,0,1,0.3562231759656652,233
30104,13.550000190734863,72.69999694824219,0,0,1,17.03913116455078,-17.03913116455078,3.58834,11.512,0,0,1,0.37572254335260113,1730
30105,13.5,72.9333267211914,0,0,1,11.45380973815918,-11.45380973815918,2.94595,17.5783,0,0,1,0.46215139442231074,502
30106,13.866669654846191,72.76667022705078,1,0,1,12.939820289611816,12.939820289611816,3.74275,11.5836,0,0,1,0.5967213114754099,305
30107,13.862500190734863,73.0727767944336,1,0,1,25.54572105407715,25.54572105407715,3.38007,11.5478,0,0,1,0.24281984334203657,383
30108,13.513330459594727,72.80999755859375,0,0,0,20.846050262451172,-20.846050262451172,3.22386,15.8681,0,0,1,0.4650537634408602,372
30109,13.616669654846191,72.87139129638672,0,0,0,8.27304458618164,-8.27304458618164,3.75569,12.5885,0,0,1,0.26912181303116145,353
30201,13.66055965423584,73.38667297363281,1,0,0,25.691089630126953,25.691089630126953,3.85887,4.7339,0,0,1,0.33402489626556015,3374
30202,13.527779579162598,73.36332702636719,1,0,0,13.598609924316406,13.598609924316406,2.68384,13.269,0,0,1,0.4365994236311239,694
30203,13.87166976928711,73.66972351074219,1,0,0,63.49855041503906,63.49855041503906,3.68372,8.02072,0,0,1,0.4246575342465753,146
30204,13.645000457763672,73.0875015258789,1,0,1,10.331950187683105,10.331950187683105,3.25491,14.2025,0,0,1,0.4172749391727494,822
30205,13.760279655456543,73.53333282470703,1,0,0,44.39365005493164,44.39365005493164,3.57607,8.59895,0,0,1,0.4391304347826087,460
30206,14.048330307006836,73.60973358154297,1,0,0,74.7375717163086,74.7375717163086,3.64,7.87194,0,0,1,0.42857142857142855,91
30207,13.699999809265137,73.0999984741211,1,0,0,15.276009559631348,15.276009559631348,3.68349,9.94351,0,0,1,0.5061162079510704,654
30208,13.616390228271484,73.08778381347656,1,0,1,7.747045993804932,7.747045993804932,2.80676,16.9584,0,0,1,0.369727047146402,403
30209,13.608059883117676,73.34388732910156,1,0,0,18.266420364379883,18.266420364379883,3.30712,9.35874,0,0,1,0.4287330316742081,884
30210,14.18694019317627,73.54389190673828,1,0,0,85.139923095703125,85.139923095703125,4.00955,4.221,0,0,1,0.43333333333333335,240
30211,14.084440231323242,73.5888900756836,1,0,0,77.031402587890625,77.031402587890625,3.92521,5.06105,0,0,1,0.5306122448979592,98
30212,13.774720191955566,73.60388946533203,1,0,0,50.945430755615234,50.945430755615234,3.24637,12.7043,0,0,1,0.5357142857142857,364
30213,13.65056037902832,73.36499786376953,1,0,0,23.420669555664062,23.420669555664062,3.97107,4.97999,0,0,1,0.4565217391304347,1656
30214,13.949999809265137,73.5999984741211,1,0,0,65.14784240722656,65.14784240722656,3.37507,12.0909,0,0,1,0.5536480686695279,233
30215,13.655830383300781,73.49305725097656,1,0,0,33.27479934692383,33.27479934692383,3.67603,6.89444,0,0,1,0.3757281553398058,1030
30216,13.653059959411621,73.42888641357422,1,0,0,28.016590118408203,28.016590118408203,3.36513,9.07038,0,0,1,0.3093396787626413,1681
30217,14.052780151367188,73.56555938720703,1,0,0,72.747528076171875,72.747528076171875,4.05648,3.62141,0,0,1,0.5603864734299517,207
30218,13.787500381469727,73.47222137451172,1,0,0,42.48490905761719,42.48490905761719,3.73034,6.80738,0,0,1,0.5951219512195122,410
30219,13.529999732971191,73.279998779296875,1,0,0,7.218214988708496,7.218214988708496,2.80966,16.3553,0,0,1,0.3094170403587444,223
30301,14.360560417175293,72.87555694580078,1,0,0,33.392879486083984,33.392879486083984,4.52151,5.78915,1,0,0,0.5214723926380368,326
30302,14.207779884338379,73.06639099121094,1,0,0,57.35097885131836,57.35097885131836,4.05753,9.22068,1,0,0,0.40625,32
30303,14.331390380859375,72.89026641845703,1,0,0,36.938987731933594,36.938987731933594,4.28354,6.79119,1,0,0,0.5985401459854015,137
30304,14.42138957977295,72.91194152832031,1,0,0,28.562938690185547,28.562938690185547,4.50271,6.27265,1,0,0,0.37158469945355194,183
30305,14.256110191345215,72.55500030517578,1,0,0,45.297000885009766,45.297000885009766,4.57417,5.34487,1,0,0,0.41603053435114506,262
30306,14.22249984741211,73.02555847167969,1,0,0,53.75054931640625,53.75054931640625,4.02843,9.3834,1,0,0,0.36885245901639346,122
30307,14.308890342712402,72.94666290283203,1,0,0,41.411319732666016,41.411319732666016,4.02306,9.51286,1,0,0,0.5364238410596026,151
30401,14.300559997558594,73.23082733154297,1,0,0,60.087440490722656,60.087440490722656,3.8583,10.0776,1,0,0,0.25995316159250587,427
30402,14.119440078735352,73.31804656982422,1,0,0,64.40003967285156,64.40003967285156,3.87018,10.0191,0,0,1,0.2857142857142857,56
30403,14.377220153808594,73.16139221191406,1,0,0,48.991737365722656,48.991737365722656,4.21872,8.03015,1,0,0,0.5,100
30404,13.973609924316406,73.0627670288086,1,0,0,35.25376892089844,35.25376892089844,3.54168,11.4129,0,0,1,0.4,260
30405,14.007780075073242,73.2477798461914,1,0,0,50.217987060546875,50.217987060546875,3.57473,9.3403,0,0,1,0.44642857142857145,56
30406,14.4158296585083,73.20777893066406,1,0,0,48.0872688293457,48.0872688293457,4.34594,4.38106,1,0,0,0.5530085959885387,349
30407,14.132499694824219,73.26860809326172,1,0,0,62.082340240478516,62.082340240478516,3.34109,14.2938,0,0,1,0.2558139534883721,43
30408,14.094440460205078,73.60138702392578,1,0,0,78.65703582763672,78.65703582763672,3.55816,13.442,0,0,1,0.4,100
30409,13.950559616088867,73.227783203125,1,0,0,44.321929931640625,44.321929931640625,3.82615,9.76238,0,0,1,0.6637168141592921,226
30410,14.216670036315918,73.083343505859375,1,0,0,57.49696731567383,57.49696731567383,3.7306,12.8812,1,0,0,0.4356435643564357,101
30411,13.924169540405273,73.182220458984375,1,0,0,38.70370101928711,38.70370101928711,3.89115,9.02383,0,0,1,0.3780487804878049,82
30412,14.206939697265625,73.33556365966797,1,0,0,73.02201080322266,73.02201080322266,4.0968,5.28507,0,0,1,0.3764705882352941,85
30413,14.162779808044434,73.3125,1,0,0,67.6519775390625,67.6519775390625,3.47374,10.7482,0,0,1,0.3582089552238806,67
30414,14.140279769897461,73.14277648925781,1,0,0,55.61760330200195,55.61760330200195,3.54499,12.0168,0,0,1,0.3970037453183521,267
30415,13.958889961242676,73.185546875,1,0,0,41.64546203613281,41.64546203613281,3.3017,11.0167,0,0,1,0.34121621621621623,296
30416,14.050559997558594,73.29723358154297,1,0,0,57.344947814941406,57.344947814941406,3.75691,8.41749,0,0,1,0.32116788321167883,137
30417,14.217780113220215,73.14111328125,1,0,0,61.048248291015625,61.048248291015625,3.82869,11.6362,1,0,0,0.3557692307692308,104
30501,13.951390266418457,72.16722106933594,1,0,1,10.824250221252441,10.824250221252441,3.95623,7.53846,0,0,0,0.5400981996726678,1222
30502,13.75139045715332,72.352783203125,1,0,1,6.451648712158203,6.451648712158203,3.59806,11.6446,0,0,1,0.5334685598377282,493
30503,13.836669921875,72.43138885498047,1,0,1,5.910728931427002,5.910728931427002,3.96153,7.75983,0,0,1,0.5457627118644067,885
30504,14.212779998779297,72.19000244140625,1,0,0,30.165929794311523,30.165929794311523,4.09181,6.62663,0,0,0,0.5579029733959311,1278
30505,14.085280418395996,72.108062744140625,1,0,1,17.506650924682617,17.506650924682617,3.75225,9.97473,0,0,0,0.5710059171597633,676
30506,14.116669654846191,72.25,1,0,0,29.092880249023438,29.092880249023438,4.15736,5.08758,0,0,0,0.6306306306306306,777
30601,13.513330459594727,73.71305847167969,1,0,0,49.85990905761719,49.85990905761719,3.06655,11.2617,0,0,1,0.4166666666666667,480
30602,13.532500267028809,73.6772232055664,1,0,0,46.2947998046875,46.2947998046875,3.7793,8.0822,0,0,1,0.4406779661016949,1062
30603,13.611390113830566,73.74028015136719,1,0,0,54.94108963012695,54.94108963012695,2.86857,12.3362,0,0,1,0.46116504854368934,206
30604,13.387499809265137,73.690277099609375,1,0,0,47.904090881347656,47.904090881347656,2.80824,14.0179,0,0,1,0.4199796126401631,981
30605,13.483059883117676,73.56083679199219,1,0,0,33.158260345458984,33.158260345458984,3.22395,13.9689,0,0,1,0.33753148614609574,794
30606,13.403610229492188,73.66972351074219,1,0,0,45.41231918334961,45.41231918334961,3.16547,14.9705,0,0,1,0.3873978996499417,857
30607,13.670000076293945,73.660003662109375,1,0,0,49.32094955444336,49.32094955444336,3.23283,9.86027,0,0,1,0.3483483483483483,333
30608,13.533329963684082,73.5999984741211,1,0,0,38.085628509521484,38.085628509521484,3.72973,9.12284,0,0,1,0.4493927125506073,494
30701,14.101940155029297,72.70667266845703,1,0,0,36.147850036621094,36.147850036621094,4.20715,7.86271,0,0,1,0.31114808652246256,601
30702,14.062219619750977,72.66972351074219,1,0,0,31.693960189819336,31.693960189819336,4.13993,8.04006,0,0,1,0.5082644628099173,242
30703,13.869999885559082,72.50389099121094,1,0,1,9.798398971557617,9.798398971557617,3.81628,12.5071,0,0,1,0.4307359307359307,462
30704,14.083330154418945,72.51667022705078,1,0,0,32.809730529785156,32.809730529785156,3.65383,11.0499,0,0,1,0.5638766519823789,227
30705,14.229439735412598,72.58611297607422,1,0,0,48.320228576660156,48.320228576660156,3.96077,8.27102,1,0,0,0.5057471264367817,87
30706,14.104720115661621,72.61250305175781,1,0,0,37.05017852783203,37.05017852783203,3.98278,7.25733,0,0,1,0.27631578947368424,76
30707,14.175000190734863,72.67388916015625,1,0,0,44.155670166015625,44.155670166015625,4.35246,5.4958,0,0,1,0.5739130434782609,115
30708,14.072500228881836,72.4727783203125,1,0,0,31.083919525146484,31.083919525146484,4.20217,6.28637,0,0,1,0.5275080906148867,309
30709,14.164719581604004,72.62110900878906,1,0,0,43.4704475402832,43.4704475402832,3.68086,10.9371,0,0,1,0.5135135135135135,37
30710,14.149999618530273,72.666656494140625,1,0,0,41.415199279785156,41.415199279785156,3.70342,11.2385,0,0,1,0.449438202247191,89
30711,14.219169616699219,72.62389373779297,1,0,0,48.30910110473633,48.30910110473633,3.93027,10.0752,1,0,0,0.2894736842105263,76
30712,14.075559616088867,72.6258316040039,1,0,0,33.637718200683594,33.637718200683594,3.27144,12.5347,0,0,1,0.16883116883116883,77
30713,14.249719619750977,72.67973327636719,1,0,0,43.93492126464844,43.93492126464844,4.49127,5.1548,1,0,0,0.512396694214876,121
30714,14.016670227050781,72.5666732788086,1,0,0,27.36688995361328,27.36688995361328,3.93368,7.82122,0,0,1,0.5925925925925926,162
40306,15.506110191345215,73.479156494140625,0,0,1,13.498820304870605,-13.498820304870605,3.30907,5.51592,1,0,0,0.373134328358209,67
40402,15.49860954284668,72.35527801513672,0,0,0,72.79056549072266,-72.79056549072266,4.19181,7.82211,0,1,0,0.3597122302158273,139
40403,15.681670188903809,72.274169921875,0,0,0,81.940826416015625,-81.940826416015625,3.29741,17.1728,0,1,0,0.0588235294117647,17
40404,15.50139045715332,72.26917266845703,0,0,0,66.20667266845703,-66.20667266845703,4.71304,4.50573,0,1,0,0.4,150
40405,15.279999732971191,72.37000274658203,0,0,0,49.608680725097656,-49.608680725097656,4.01252,5.55687,1,0,0,0.43037974683544306,79
40406,15.575559616088867,72.12999725341797,0,0,0,63.71352005004883,-63.71352005004883,4.34746,9.17372,0,1,0,0.45588235294117646,68
40408,15.64861011505127,72.5058364868164,0,0,0,79.88417053222656,-79.88417053222656,4.13079,9.46599,1,0,0,0.02040816326530612,49
40409,15.26611042022705,72.34166717529297,0,0,0,47.82423782348633,-47.82423782348633,4.55778,4.57877,1,0,0,0.20820668693009117,658
40410,15.71306037902832,72.57417297363281,0,0,0,78.25006103515625,-78.25006103515625,3.94063,9.15561,1,0,0,0.18397626112759644,337
40411,15.722220420837402,72.50305938720703,0,0,0,85.01549530029297,-85.01549530029297,2.36486,12.32,1,0,0,0.0425531914893617,47
40412,15.729439735412598,72.42973327636719,0,0,0,91.993133544921875,-91.993133544921875,2.90883,16.6784,1,0,0,0.07692307692307693,13
40414,15.656940460205078,72.52528381347656,0,0,0,79.06813049316406,-79.06813049316406,4.23099,11.2151,1,0,0,0.171875,128
40501,15.638330459594727,71.60111236572266,0,0,0,51.6066780090332,-51.6066780090332,4.49474,7.7684,0,1,0,0.2370617696160267,599
40502,15.660829544067383,71.70084381103516,0,0,0,57.71149826049805,-57.71149826049805,4.39391,5.52436,0,1,0,0.21782178217821785,101
40503,15.621390342712402,71.97888946533203,0,0,0,62.30514907836914,-62.30514907836914,4.19083,10.0366,0,1,0,0.2328767123287671,219
40504,15.508330345153809,71.445556640625,0,0,1,30.594221115112305,-30.594221115112305,4.50412,3.82677,0,1,0,0.2435897435897436,156
40505,15.18805980682373,71.77249908447266,0,0,1,11.448379516601562,-11.448379516601562,4.64621,3.17717,0,1,0,0.3783783783783784,407
40506,15.627220153808594,71.64611053466797,0,0,0,53.395877838134766,-53.395877838134766,4.19187,7.72185,0,1,0,0.21052631578947367,57
40507,15.730830192565918,72.10749816894531,0,0,0,78.17235565185547,-78.17235565185547,3.45596,11.2487,0,1,0,0.22972972972972977,74
40509,15.649720191955566,71.6875,0,0,0,56.29193115234375,-56.29193115234375,4.27928,8.61556,0,1,0,0.3787878787878788,66
40510,15.622220039367676,71.768890380859375,0,0,0,55.152679443359375,-55.152679443359375,4.74835,6.15634,0,1,0,0.205607476635514,107
40512,15.641670227050781,71.76944732666016,0,0,0,57.23439025878906,-57.23439025878906,4.69047,7.86455,0,1,0,0.18823529411764703,85
40513,15.607780456542969,71.80805206298828,0,0,0,55.00362777709961,-55.00362777709961,4.4161,11.4208,0,1,0,0.15789473684210523,57
40514,15.931940078735352,71.10472106933594,0,0,1,23.148609161376953,-23.148609161376953,4.51089,1.79807,0,1,0,0.16071428571428573,56
40515,15.486940383911133,71.458343505859375,0,0,0,31.301198959350586,-31.301198959350586,4.46842,4.79631,0,1,0,0.3384615384615385,65
40516,15.578060150146484,71.93916320800781,0,0,0,56.670589447021484,-56.670589447021484,4.53444,7.69393,0,1,0,0.30612244897959184,49
40517,15.346110343933105,71.4477767944336,0,0,1,28.227619171142578,-28.227619171142578,4.46702,3.88839,0,1,0,0.3834586466165414,133
40518,15.533060073852539,71.55082702636719,0,0,0,42.210479736328125,-42.210479736328125,4.60437,5.22225,0,1,0,0.30612244897959184,98
40519,15.649169921875,71.65778350830078,0,0,0,55.90427017211914,-55.90427017211914,4.48215,3.67409,0,1,0,0.24342105263157895,152
40601,15.83806037902832,72.65361022949219,0,0,0,80.97159576416016,-80.97159576416016,2.44923,4.43973,1,0,0,0.12460063897763578,313
40602,15.796669960021973,72.86055755615234,0,0,0,63.01639175415039,-63.01639175415039,2.86757,5.72414,1,0,0,0.21052631578947367,38
40603,14.672220230102539,72.021942138671875,0,0,1,0.24050019681453705,-0.24050019681453705,4.62733,3.926,1,0,0,0.41630901287553645,233
40604,15.547499656677246,72.918609619140625,0,0,0,38.09613037109375,-38.09613037109375,3.19065,16.2161,1,0,0,0.2,40
40605,15.856389999389648,72.62555694580078,0,0,0,84.51243591308594,-84.51243591308594,2.5044400000000002,10.4364,1,0,0,0.16279069767441862,43
40607,15.5024995803833,72.82971954345703,0,0,1,42.35851287841797,-42.35851287841797,4.65361,5.11742,1,0,0,0.3703703703703703,81
40608,15.773889541625977,72.87666320800781,0,0,0,60.015480041503906,-60.015480041503906,2.45529,11.8937,1,0,0,0.14114114114114115,333
40801,15.21306037902832,72.88861083984375,0,0,1,17.056339263916016,-17.056339263916016,4.12564,9.03179,1,0,0,0.1973684210526316,228
40802,15.134719848632812,72.76471710205078,0,0,1,26.914169311523438,-26.914169311523438,4.37304,10.6899,1,0,0,0.5691056910569106,246
40803,15.240559577941895,73.07111358642578,0,0,1,5.333820819854736,-5.333820819854736,3.93447,14.0396,1,0,0,0.21568627450980393,51
40804,15.12693977355957,72.810546875,0,0,1,21.956920623779297,-21.956920623779297,4.65901,6.7515,1,0,0,0.448,250
40805,15.130559921264648,72.90471649169922,0,0,1,12.350509643554688,-12.350509643554688,4.49677,6.67423,1,0,0,0.4853801169590643,171
40806,15.0600004196167,72.690826416015625,0,0,1,32.53818893432617,-32.53818893432617,4.77135,5.31962,1,0,0,0.6863468634686347,271
40807,15.323610305786133,73.05944061279297,0,0,1,11.00055980682373,-11.00055980682373,3.10055,15.904,1,0,0,0.4166666666666667,12
40808,15.319999694824219,73.220001220703125,0,0,1,2.4809629917144775,-2.4809629917144775,2.88893,15.2802,1,0,0,0.4509803921568627,51
40809,15.356109619140625,73.23249816894531,0,0,1,6.047404766082764,-6.047404766082764,3.00247,16.3262,1,0,0,0.7407407407407407,27
40810,15.173060417175293,72.8308334350586,0,0,1,20.98373031616211,-20.98373031616211,4.26037,10.5565,1,0,0,0.382716049382716,81
40811,15.264169692993164,72.92888641357422,0,0,1,18.01177978515625,-18.01177978515625,3.36247,14.9436,1,0,0,0.3473684210526316,95
50106,13.392499923706055,73.91500091552734,1,0,0,71.90739440917969,71.90739440917969,3.20949,11.6967,0,0,1,0.3825503355704698,745
50601,14.699999809265137,74.133331298828125,1,0,0,96.016387939453125,96.016387939453125,3.99896,4.30975,1,0,0,0.2637444279346211,1346
50605,14.983329772949219,73.833343505859375,1,0,0,52.82889175415039,52.82889175415039,3.51774,7.34727,1,0,0,0.4130434782608696,230
50615,14.75,74.23332977294922,1,0,0,98.155853271484375,98.155853271484375,3.42864,9.1455,1,0,0,0.5042016806722689,238
50617,14.766670227050781,74.0999984741211,1,0,0,87.90045928955078,87.90045928955078,2.72782,9.88706,1,0,0,0.4750830564784053,301
50619,15.050000190734863,73.94999694824219,1,0,0,53.13405227661133,53.13405227661133,2.65214,8.05767,1,0,0,0.4428571428571429,280
50701,15.033329963684082,73.78333282470703,1,0,0,45.67837905883789,45.67837905883789,4.21366,4.59321,1,0,0,0.381057268722467,1362
50702,15.100000381469727,73.76667022705078,1,0,0,38.15167999267578,38.15167999267578,3.53732,6.4316700000000004,1,0,0,0.425,240
50703,14.808609962463379,73.291107177734375,1,0,0,29.553098678588867,29.553098678588867,4.4384,4.95268,1,0,0,0.4778761061946903,113
50704,14.951390266418457,73.367767333984375,1,0,0,36.62794876098633,36.62794876098633,3.96809,8.3981,1,0,0,0.3387096774193548,62
50706,15.25,73.5666732788086,1,0,1,16.128049850463867,16.128049850463867,3.61477,4.29267,1,0,0,0.22053231939163495,263
50707,14.996109962463379,73.35221862792969,1,0,0,33.378238677978516,33.378238677978516,3.99318,9.24611,1,0,0,0.5964912280701754,57
50708,14.901670455932617,73.40110778808594,1,0,0,39.73814010620117,39.73814010620117,4.07676,4.66508,1,0,0,0.546875,192
50801,15.279720306396484,73.34583282470703,1,0,1,6.789341926574707,6.789341926574707,3.2649,12.2424,1,0,0,0.1452991452991453,234
50802,15.162220001220703,73.29472351074219,1,0,0,14.162449836730957,14.162449836730957,3.80312,8.91193,1,0,0,0.23636363636363636,55
50803,15.262499809265137,73.20054626464844,1,0,1,3.5518620014190674,3.5518620014190674,3.39928,13.5563,1,0,0,0.28169014084507044,71
50804,15.184439659118652,73.34889221191406,1,0,0,13.916139602661133,13.916139602661133,3.85194,7.6022,1,0,0,0.17676767676767677,198
50805,15.15056037902832,73.3419418334961,1,0,0,16.856969833374023,16.856969833374023,3.9973,10.6372,1,0,0,0.15873015873015872,63
50806,15.179719924926758,73.18611145019531,1,0,0,8.00395393371582,8.00395393371582,4.53529,3.75794,1,0,0,0.5327868852459017,122
50807,15.316670417785645,73.48332977294922,1,0,0,5.98191499710083,5.98191499710083,3.52398,12.3213,1,0,0,0.36666666666666664,30
50808,15.062219619750977,73.31500244140625,1,0,0,25.429439544677734,25.429439544677734,3.80291,14.3298,1,0,0,0.2272727272727273,22
50809,15.224720001220703,73.228607177734375,1,0,0,7.126105785369873,7.126105785369873,3.58876,12.6909,1,0,0,0.3125,16
50810,15.247779846191406,73.453887939453125,1,0,0,12.025910377502441,12.025910377502441,3.7782,11.8055,1,0,0,0.22950819672131148,61
50901,14.013330459594727,73.8397216796875,1,0,0,87.5874252319336,87.5874252319336,3.5691,9.36945,0,0,1,0.3603238866396761,247
50902,13.800000190734863,73.75,1,0,0,65.09480285644531,65.09480285644531,2.73169,13.7428,0,0,1,0.10344827586206896,29
50903,13.850560188293457,73.7541732788086,1,0,0,68.779632568359375,68.779632568359375,3.23295,13.5836,0,0,1,0.26865671641791045,67
50904,13.88722038269043,73.728057861328125,1,0,0,69.24852752685547,69.24852752685547,3.22409,15.0111,0,0,1,0.35294117647058826,68
50906,14.110560417175293,73.87139129638672,1,0,0,97.64313507080078,97.64313507080078,3.83827,6.59821,0,0,1,0.4202127659574468,188
50907,14.037779808044434,73.64360809326172,1,0,0,75.78485107421875,75.78485107421875,3.60294,12.5299,0,0,1,0.3939393939393939,99
50908,14.170000076293945,73.56999969482422,1,0,0,84.552459716796875,84.552459716796875,3.97242,3.4988,0,0,1,0.35789473684210527,95
50909,13.968059539794922,73.73388671875,1,0,0,75.9874496459961,75.9874496459961,3.79896,10.7585,0,0,1,0.5362318840579711,138
50910,14.045280456542969,73.6388931274414,1,0,0,76.17858123779297,76.17858123779297,3.78091,8.3597,0,0,1,0.4411764705882353,102
50911,14.114999771118164,73.60444641113281,1,0,0,80.80271911621094,80.80271911621094,4.06219,3.82995,0,0,1,0.26785714285714285,112
51001,13.683329582214355,74.0666732788086,1,0,0,91.0715103149414,91.0715103149414,3.97502,6.76566,0,0,1,0.45320197044334976,203
51003,14.01471996307373,73.93305206298828,1,0,0,95.22566986083984,95.22566986083984,4.0084,7.65082,0,0,1,0.475,80
51004,14.055000305175781,73.910003662109375,1,0,0,96.27738189697266,96.27738189697266,3.60059,12.8669,0,0,1,0.3055555555555556,36
51005,13.927780151367188,73.907501220703125,1,0,0,87.15422821044922,87.15422821044922,3.89709,7.41601,0,0,1,0.3031496062992126,254
51006,13.796669960021973,73.98805236816406,1,0,0,87.355926513671875,87.355926513671875,3.42791,12.0579,0,0,1,0.40186915887850466,107
51007,13.714719772338867,74.0330581665039,1,0,0,88.583709716796875,88.583709716796875,3.12983,12.3104,0,0,1,0.4,95
51101,13.655559539794922,73.95305633544922,1,0,0,78.40895080566406,78.40895080566406,3.47177,8.97089,0,0,1,0.43781725888324874,788
51102,13.803330421447754,73.90416717529297,1,0,0,79.55365753173828,79.55365753173828,3.23337,13.4495,0,0,1,0.3228346456692913,127
51103,13.74806022644043,73.7852783203125,1,0,0,65.33690643310547,65.33690643310547,3.19115,11.9982,0,0,1,0.3522727272727273,88
51104,13.534170150756836,73.87444305419922,1,0,0,67.47354888916016,67.47354888916016,3.37987,10.2362,0,0,1,0.31048387096774194,248
51105,13.752779960632324,73.93138885498047,1,0,0,79.7825927734375,79.7825927734375,3.4177,10.1181,0,0,1,0.4861111111111111,216
51106,13.869999885559082,73.87999725341797,1,0,0,81.07420349121094,81.07420349121094,3.11873,15.0826,0,0,1,0.4925373134328358,201
51108,13.58860969543457,73.99610900878906,1,0,0,81.35356140136719,81.35356140136719,3.65243,7.13674,0,0,1,0.4312169312169312,378
80101,13.518329620361328,71.978057861328125,0,1,0,17.046480178833008,-17.046480178833008,3.86198,5.43146,0,0,0,0.14226350525543877,12273
80102,13.583609580993652,72.06111145019531,0,1,0,21.453411102294922,-21.453411102294922,3.96344,6.24945,0,0,1,0.6180904522613065,199
80103,13.502779960632324,72.03166961669922,0,1,0,22.939420700073242,-22.939420700073242,3.7245,6.36082,0,0,0,0.416289592760181,221
80104,13.541669845581055,71.88804626464844,0,1,1,7.575020790100098,-7.575020790100098,3.73271,7.44484,0,0,0,0.22797650827549387,1873
80105,13.527779579162598,71.934173583984375,0,1,0,12.301700592041016,-12.301700592041016,3.57541,5.93465,0,0,0,0.18424396442185512,3148
80106,13.520000457763672,71.9800033569336,0,1,0,17.25311851501465,-17.25311851501465,3.81031,4.86159,0,0,0,0.21216808455787575,3879
80107,13.561389923095703,71.84889221191406,0,1,1,3.279611110687256,-3.279611110687256,3.62493,9.43204,0,0,0,0.4461538461538462,65
80108,13.520000457763672,71.95999908447266,0,1,0,15.0862398147583,-15.0862398147583,3.33933,2.52375,0,0,0,0.08399726838151605,4393
80201,13.916669845581055,71.68110656738281,1,0,0,8.292232513427734,8.292232513427734,3.96267,8.16723,0,0,0,0.4728434504792332,626
80202,14.058609962463379,71.49388885498047,1,0,0,22.61256980895996,22.61256980895996,3.85641,5.19446,0,0,0,0.3047945205479452,292
80203,13.950830459594727,71.73722076416016,1,0,1,1.3136590719223022,1.3136590719223022,3.64217,10.8211,0,0,0,0.369047619047619,252
80204,14.119999885559082,71.4727783203125,1,0,0,22.87713050842285,22.87713050842285,3.86461,4.94553,0,0,0,0.47619047619047616,84
80205,14.02694034576416,71.56722259521484,1,0,1,16.264888763427734,16.264888763427734,4.0064,7.34165,0,0,0,0.4162219850586979,937
80206,13.781109809875488,71.77777862548828,1,0,1,4.879245281219482,4.879245281219482,3.78588,8.16918,0,0,0,0.504950495049505,303
80207,13.954999923706055,71.602783203125,1,0,0,13.739200592041016,13.739200592041016,3.96123,6.64617,0,0,0,0.3531073446327684,354
80301,13.46306037902832,72.15528106689453,0,0,0,26.657400131225586,-26.657400131225586,3.63963,4.9842,0,0,1,0.31036623215394166,1611
80302,13.449999809265137,72.30000305175781,0,0,0,23.85750961303711,-23.85750961303711,3.85999,7.62732,0,0,1,0.46534653465346537,707
80303,13.481670379638672,72.04444122314453,0,0,0,24.611358642578125,-24.611358642578125,3.671,5.06641,0,0,0,0.3161290322580645,155
80304,13.633330345153809,72.23388671875,0,0,1,6.089776039123535,-6.089776039123535,3.52901,8.94129,0,0,1,0.4801670146137787,479
80305,13.416669845581055,72.21666717529297,0,0,0,29.81485939025879,-29.81485939025879,4.08927,8.37147,0,0,1,0.43409490333919154,569
80306,13.47305965423584,72.43305206298828,0,0,0,19.0563907623291,-19.0563907623291,3.53387,11.5384,0,0,1,0.35546875,768
80307,13.516670227050781,72.53333282470703,0,0,0,19.12036895751953,-19.12036895751953,3.31783,14.3412,0,0,1,0.24193548387096775,248
80308,13.475560188293457,72.1161117553711,0,0,0,27.282949447631836,-27.282949447631836,3.6539,5.42356,0,0,1,0.4327731092436975,238
80309,13.438610076904297,72.26611328125,0,0,0,26.780929565429688,-26.780929565429688,3.57656,6.70184,0,0,1,0.29136690647482016,278
80401,13.333330154418945,71.94999694824219,0,0,0,24.715890884399414,-24.715890884399414,4.12645,11.2415,0,0,0,0.3402848423194303,1966
80402,13.388059616088867,71.89971923828125,0,0,0,16.64927864074707,-16.64927864074707,3.78979,10.9718,0,0,0,0.5073529411764706,272
80403,13.36417007446289,71.92388916015625,0,0,0,20.296350479125977,-20.296350479125977,3.90195,8.72917,0,0,0,0.5281553398058253,515
80405,13.422499656677246,71.8466567993164,0,0,0,10.716349601745605,-10.716349601745605,3.88091,8.29385,0,0,0,0.42857142857142855,868
80406,13.493610382080078,71.77388763427734,0,0,1,3.1587870121002197,-3.1587870121002197,3.7463,13.9809,0,0,0,0.4172494172494173,429
80407,13.427499771118164,71.86750030517578,0,0,0,11.115570068359375,-11.115570068359375,3.81341,8.17704,0,0,0,0.4090909090909091,264
80501,14.218059539794922,71.4316635131836,1,0,0,26.256210327148438,26.256210327148438,4.07265,5.26536,0,0,0,0.4664070107108082,1027
80502,14.472780227661133,71.393890380859375,1,0,0,38.547088623046875,38.547088623046875,4.15977,4.10647,0,0,0,0.36347517730496454,564
80503,14.533329963684082,71.30555725097656,1,0,0,50.204410552978516,50.204410552978516,4.16073,3.15728,0,0,0,0.3590163934426229,610
80504,14.431940078735352,71.27306365966797,1,0,0,47.715579986572266,47.715579986572266,4.19183,6.5891,0,0,0,0.3024193548387097,248
80505,14.493610382080078,71.154998779296875,1,0,0,61.88713073730469,61.88713073730469,4.41175,5.7762,0,1,0,0.3713450292397661,684
80506,14.146389961242676,71.459442138671875,1,0,0,23.80883026123047,23.80883026123047,3.87203,5.63921,0,0,0,0.37748344370860926,151
80507,14.380000114440918,71.45500183105469,1,0,0,27.46363067626953,27.46363067626953,4.13031,5.14616,0,0,0,0.438871473354232,319
80508,14.16388988494873,71.47666931152344,1,0,0,21.592571258544922,21.592571258544922,3.89602,4.60719,0,0,0,0.48221343873517786,253
80601,14.269439697265625,71.22611236572266,1,0,0,49.021697998046875,49.021697998046875,4.27173,5.22227,0,0,0,0.2929309769923308,5998
80602,14.02694034576416,71.45276641845703,1,0,0,28.145910263061523,28.145910263061523,4.6935,4.83288,0,0,0,0.4334862385321101,436
80603,14.101110458374023,71.429443359375,1,0,0,27.833349227905273,27.833349227905273,4.1387,9.01927,0,0,0,0.42495784148397975,593
80604,14.357780456542969,71.168609619140625,1,0,0,56.233360290527344,56.233360290527344,4.4884,7.16169,0,0,0,0.3542600896860987,1115
80605,13.972220420837402,71.410003662109375,1,0,0,34.15441131591797,34.15441131591797,4.80701,5.59044,0,0,0,0.5217391304347826,667
80606,14.202779769897461,71.31555938720703,1,0,0,38.70602035522461,38.70602035522461,4.47271,5.98633,0,0,0,0.3903061224489796,392
80607,14.186670303344727,71.34166717529297,1,0,0,35.895538330078125,35.895538330078125,3.84625,7.46235,0,0,0,0.2631578947368421,190
80608,14.145000457763672,71.40693664550781,1,0,0,29.386999130249023,29.386999130249023,3.77529,7.75243,0,0,0,0.28820960698689957,458
80701,14.445560455322266,72.08416748046875,1,0,1,23.113689422607422,23.113689422607422,4.46415,5.28264,1,0,0,0.4859584859584859,2457
80702,14.008060455322266,71.998046875,1,0,1,4.24613094329834,4.24613094329834,3.90545,8.55334,0,0,0,0.5610236220472441,508
80703,14.308329582214355,71.84306335449219,1,0,1,10.538919448852539,10.538919448852539,4.01254,4.45462,0,0,0,0.4849315068493151,730
80704,14.282219886779785,72.04194641113281,1,0,0,19.439661026000977,19.439661026000977,3.84389,5.98973,0,0,0,0.4218590398365679,979
80705,14.301939964294434,71.6872329711914,1,0,1,2.644500970840454,2.644500970840454,4.12247,5.05508,0,0,0,0.5657336726039016,1179
80706,14.331110000610352,72.1147232055664,1,0,0,28.904489517211914,28.904489517211914,4.24305,4.28974,0,0,0,0.6160458452722063,698
80707,14.307780265808105,72.1361083984375,1,0,0,29.076419830322266,29.076419830322266,4.03083,5.2139,0,0,0,0.6375,400
80708,14.508890151977539,71.8852767944336,1,0,0,17.634300231933594,17.634300231933594,4.23473,4.19584,1,0,0,0.44876325088339225,849
80801,14.791390419006348,71.4124984741211,1,0,1,21.10468864440918,21.10468864440918,4.16512,3.07761,0,1,0,0.31565292591524935,3469
80802,15.239999771118164,71.08222198486328,1,0,1,9.0551605224609375,9.0551605224609375,4.77167,3.29663,0,1,0,0.4,80
80803,14.800000190734863,71.532501220703125,1,0,1,19.678239822387695,19.678239822387695,4.28445,3.91197,0,1,0,0.4217506631299735,1131
80804,15.052499771118164,71.12889099121094,1,0,1,6.325316905975342,6.325316905975342,4.35941,3.58732,0,1,0,0.2857142857142857,112
80805,14.883890151977539,71.22083282470703,1,0,0,18.29636001586914,18.29636001586914,4.2107,2.29278,0,1,0,0.41188118811881186,505
80806,14.681389808654785,71.41694641113281,1,0,0,33.04880142211914,33.04880142211914,4.01238,1.79918,0,1,0,0.4161490683229814,322
80807,15.068889617919922,71.7491683959961,1,0,1,1.4103299379348755,1.4103299379348755,4.44379,4.02621,0,1,0,0.4416961130742049,283
80808,14.769439697265625,71.2541732788086,1,0,0,31.251529693603516,31.251529693603516,4.13033,2.08034,0,1,0,0.3744493392070485,227
81001,13.763330459594727,71.84944152832031,0,0,1,2.8163678646087646,-2.8163678646087646,3.75595,7.67213,0,0,0,0.3395061728395062,324
81002,13.97389030456543,71.82666778564453,0,0,1,6.611767292022705,-6.611767292022705,3.77739,11.0885,0,0,0,0.4735632183908046,435
81003,13.853890419006348,72.08055877685547,0,0,1,2.408583879470825,-2.408583879470825,3.58475,13.1359,0,0,0,0.5529157667386609,463
81004,13.851940155029297,71.80333709716797,0,0,1,0.2251804918050766,-0.2251804918050766,3.49529,12.5524,0,0,0,0.36879432624113473,141
81005,13.683609962463379,72.01944732666016,0,0,1,16.670461654663086,-16.670461654663086,3.56601,10.5463,0,0,0,0.4224,625
81006,14.071390151977539,71.7397232055664,0,0,1,2.5791819095611572,-2.5791819095611572,4.08698,8.6206,0,0,0,0.5908496732026144,765
81007,13.759169578552246,71.95500183105469,0,0,0,13.646679878234863,-13.646679878234863,3.36333,11.1951,0,0,0,0.3645833333333333,192
81008,13.954170227050781,71.75971984863281,0,0,1,0.23661689460277557,-0.23661689460277557,3.74209,12.3922,0,0,0,0.3963963963963964,111
81009,13.666939735412598,71.921112060546875,0,0,1,9.3575286865234375,-9.3575286865234375,3.7225,6.47373,0,0,0,0.44274809160305345,262
81102,13.595000267028809,71.69944763183594,0,0,1,0.28663480281829834,-0.28663480281829834,3.8434,8.80499,0,0,0,0.45104895104895104,286
81103,13.204170227050781,71.6544418334961,0,0,0,32.48365020751953,-32.48365020751953,3.66717,8.5864,0,0,0,0.48873483535528595,1154
81104,13.355830192565918,71.66972351074219,0,0,1,19.9931697845459,-19.9931697845459,3.86733,5.77577,0,0,0,0.5182481751824818,959
81105,13.516670227050781,71.6500015258789,0,0,1,6.047964096069336,-6.047964096069336,3.85247,6.33071,0,0,0,0.537842190016103,621
81201,13.68610954284668,71.6227798461914,1,0,1,6.243168830871582,6.243168830871582,3.71118,9.2679,0,0,0,0.4388038942976356,1438
81202,13.672499656677246,71.679443359375,1,0,1,4.113429069519043,4.113429069519043,3.56851,8.7455,0,0,0,0.35714285714285715,574
81204,13.59000015258789,71.38999938964844,1,0,0,8.924732208251953,8.924732208251953,4.23413,6.8263,0,0,0,0.5506329113924051,316
81205,13.604720115661621,71.55944061279297,1,0,1,1.3248299360275269,1.3248299360275269,3.92332,6.95013,0,0,0,0.5863377609108159,1054
81206,13.907500267028809,71.49861145019531,1,0,0,26.034259796142578,26.034259796142578,4.26695,9.33584,0,0,0,0.49373433583959897,399
81207,13.688329696655273,71.635833740234375,1,0,0,5.779916763305664,5.779916763305664,4.16396,6.65435,0,0,0,0.3781818181818182,275
81208,13.635560035705566,71.73750305175781,1,1,1,5.5850019454956055,5.5850019454956055,3.75854,7.90906,0,0,0,0.3412969283276451,293
81210,13.62693977355957,71.3852767944336,1,0,0,12.831900596618652,12.831900596618652,4.48131,5.71342,0,0,0,0.5032870708546384,1369
81211,13.592780113220215,71.771942138671875,1,1,1,3.5006790161132812,3.5006790161132812,3.66363,10.9373,0,0,0,0.31343283582089554,469
81212,13.822779655456543,71.53943634033203,1,0,0,23.856189727783203,23.856189727783203,4.01703,8.36947,0,0,0,0.498545101842871,1031
81301,13.307780265808105,72.11528015136719,0,0,0,39.51217269897461,-39.51217269897461,3.89131,11.5958,0,0,0,0.27463651050080773,1857
81302,13.395830154418945,72.05473327636719,0,0,0,28.76333999633789,-28.76333999633789,3.8239,4.49665,0,0,0,0.42505854800936765,854
81303,13.346389770507812,72.06722259521484,0,0,0,32.7872200012207,-32.7872200012207,3.53403,11.2231,0,0,0,0.358695652173913,276
81305,13.319720268249512,72.15277862548828,0,0,0,41.843238830566406,-41.843238830566406,3.46472,6.10085,0,0,1,0.412109375,512
81306,13.254719734191895,72.26334381103516,0,0,0,45.36524963378906,-45.36524963378906,4.04099,13.2199,0,0,1,0.3702882483370288,902
81307,13.316670417785645,72.08915710449219,0,0,0,36.6497802734375,-36.6497802734375,3.5865,11.9391,0,0,0,0.19333333333333333,300
210101,15.833330154418945,70.03333282470703,1,0,0,87.1014404296875,87.1014404296875,4.12894,2.74352,0,1,0,0.1163258819790232,9439
210104,15.683329582214355,70.1500015258789,1,0,0,79.08990478515625,79.08990478515625,3.85514,0.817546,0,1,0,0.21495327102803735,428
210109,15.800000190734863,70.333343505859375,1,0,0,56.266448974609375,56.266448974609375,4.33347,4.43061,0,1,0,0.20997920997921,481
210110,15.733329772949219,70.05000305175781,1,0,0,87.58307647705078,87.58307647705078,3.88799,1.45718,0,1,0,0.2804878048780488,328
210113,15.5,70.01667022705078,1,0,0,97.84150695800781,97.84150695800781,4.59427,4.32524,0,1,0,0.4032258064516129,62
210114,15.816670417785645,70.19999694824219,1,0,0,69.75093841552734,69.75093841552734,4.31736,3.30244,0,1,0,0.2027972027972028,143
210115,15.766670227050781,70.25,1,0,0,65.90443420410156,65.90443420410156,3.97949,2.39782,0,1,0,0.2240437158469945,183
210202,15.266670227050781,70.1500015258789,1,0,0,92.60828399658203,92.60828399658203,3.86012,0.637916,0,1,0,0.23636363636363636,275
210204,14.783329963684082,70.3499984741211,1,0,0,93.54235076904297,93.54235076904297,4.00466,2.47945,0,1,0,0.4384858044164038,1902
210205,15.316670417785645,70.0666732788086,1,0,0,98.507965087890625,98.507965087890625,3.83922,0.305039,0,1,0,0.3037974683544304,316
210207,15.029999732971191,70.33000183105469,1,0,0,85.64054870605469,85.64054870605469,3.93656,2.43422,0,1,0,0.19700214132762311,467
210214,15.050000190734863,70.26667022705078,1,0,0,90.31703186035156,90.31703186035156,3.94091,2.04301,0,1,0,0.33126293995859213,483
210215,14.949999809265137,70.4000015258789,1,0,0,82.44403839111328,82.44403839111328,4.01088,3.18581,0,1,0,0.377431906614786,257
210701,15.350000381469727,70.366668701171875,1,0,0,67.65540313720703,67.65540313720703,4.09492,3.79443,0,1,0,0.32793959007551243,927
210702,15.616669654846191,70.3499984741211,1,0,0,60.034236907958984,60.034236907958984,4.17306,3.57188,0,1,0,0.25,412
210703,15.316670417785645,70.21666717529297,1,0,0,83.70954132080078,83.70954132080078,3.96887,3.91814,0,1,0,0.33695652173913043,92
210704,15.233329772949219,70.25,1,0,0,83.78015899658203,83.78015899658203,3.89185,2.02923,0,1,0,0.28434504792332266,313
210705,15.111109733581543,70.90778350830078,1,0,0,25.45993995666504,25.45993995666504,4.64645,4.24816,0,1,0,0.25547445255474455,137
210706,15.233610153198242,70.59722137451172,1,0,0,49.28506851196289,49.28506851196289,4.582,4.75695,0,1,0,0.43859649122807015,114
210707,15.452500343322754,70.5986099243164,1,0,0,40.30267333984375,40.30267333984375,4.69449,4.68093,0,1,0,0.5419847328244275,131
210708,15.029999732971191,70.37000274658203,1,0,0,82.0499496459961,82.0499496459961,4.11275,3.6497,0,1,0,0.28987993138936535,583
210709,15.699999809265137,70.60527801513672,1,0,1,31.656679153442383,31.656679153442383,4.4851,3.5835,0,1,0,0.21528861154446177,641
210710,15.18694019317627,70.660003662109375,1,0,0,46.54878234863281,46.54878234863281,4.59055,4.43812,0,1,0,0.3389830508474576,59
210801,14.88638973236084,70.5888900756836,1,0,0,65.34319305419922,65.34319305419922,4.1877,4.02373,0,1,0,0.22117541498429788,2229
210803,14.906109809875488,70.8741683959961,1,0,0,37.71158981323242,37.71158981323242,4.26201,4.23741,0,1,0,0.43636363636363634,165
210804,14.933329582214355,70.88276672363281,1,0,0,35.123050689697266,35.123050689697266,4.261,4.88217,0,1,0,0.3973941368078176,307
210805,14.768610000610352,70.901947021484375,1,0,0,45.384891510009766,45.384891510009766,4.27881,3.67259,0,1,0,0.3715925394548063,697
210806,14.479999542236328,70.64111328125,1,0,0,87.92921447753906,87.92921447753906,4.50431,4.05735,0,1,0,0.45589798087141337,941
210807,14.729999542236328,70.51304626464844,1,0,0,80.78717041015625,80.78717041015625,4.05265,3.18128,0,1,0,0.44325897187196894,1031
210808,14.600000381469727,70.779998779296875,1,0,0,67.954559326171875,67.954559326171875,4.33696,5.27043,0,1,0,0.4106583072100313,638
210809,14.857500076293945,70.75611114501953,1,0,0,51.120357513427734,51.120357513427734,4.03677,1.77959,0,1,0,0.29658792650918636,381
211101,15.5,70.133331298828125,1,0,0,85.718170166015625,85.718170166015625,3.87866,1.34117,0,1,0,0.17134712837837837,18944
211102,15.649999618530273,70.3166732788086,1,0,0,63.040130615234375,63.040130615234375,3.88594,0.996934,0,1,0,0.23839009287925697,323
211103,15.616669654846191,70.3499984741211,1,0,1,60.034236907958984,60.034236907958984,4.31764,3.9024,0,1,0,0.1595744680851064,470
211104,15.566670417785645,70.0999984741211,1,0,0,87.48472595214844,87.48472595214844,3.83514,0.427346,0,1,0,0.2860576923076923,416
